-- ============================================================
-- Neurofic Admin — Seed Data
-- Generated: 2026-05-23T00:34:31.143Z
-- Run this AFTER executing the migration SQL (0001_init)
-- ============================================================

START TRANSACTION;

-- ─── Usuarios ──────────────────────────────────────────────────────────────
INSERT INTO usuarios (id, email, nombre, password_hash, rol, activo, created_at, updated_at) VALUES
  ('95b46ea1-bf70-4dcf-8b7f-94e1153395f3', 'admin@neurofic.com', 'Administrador', '$2a$12$YweJuF.iYEo8IQZIv2Z5we/s1cPA74KWw9xTYP2doZcoviPER4ixC', 'ADMIN', 1, '2026-05-23 10:00:00.000', '2026-05-23 10:00:00.000'),
  ('e04cf538-ec85-42a8-9ffc-bf38ab1e9798', 'gerencia@neurofic.com', 'Gerencia', '$2a$12$YweJuF.iYEo8IQZIv2Z5we/s1cPA74KWw9xTYP2doZcoviPER4ixC', 'GERENCIA', 1, '2026-05-23 10:00:00.000', '2026-05-23 10:00:00.000'),
  ('0bc67b56-3bf3-4011-a43f-a417d7f3e6b2', 'direccion@neurofic.com', 'Dirección', '$2a$12$YweJuF.iYEo8IQZIv2Z5we/s1cPA74KWw9xTYP2doZcoviPER4ixC', 'DIRECCION', 1, '2026-05-23 10:00:00.000', '2026-05-23 10:00:00.000'),
  ('36204219-6a7f-41c6-8ec4-28d908919690', 'facturacion@neurofic.com', 'Facturación', '$2a$12$YweJuF.iYEo8IQZIv2Z5we/s1cPA74KWw9xTYP2doZcoviPER4ixC', 'FACTURACION', 1, '2026-05-23 10:00:00.000', '2026-05-23 10:00:00.000'),
  ('6e6dccf8-8859-4689-af16-a9a071cc587f', 'coordinadora@neurofic.com', 'Coordinadora', '$2a$12$YweJuF.iYEo8IQZIv2Z5we/s1cPA74KWw9xTYP2doZcoviPER4ixC', 'COORDINADORA', 1, '2026-05-23 10:00:00.000', '2026-05-23 10:00:00.000'),
  ('c9f4e44f-2588-41e2-8751-bfd83f0f9532', 'admisiones@neurofic.com', 'Admisiones', '$2a$12$YweJuF.iYEo8IQZIv2Z5we/s1cPA74KWw9xTYP2doZcoviPER4ixC', 'ADMISIONES', 1, '2026-05-23 10:00:00.000', '2026-05-23 10:00:00.000');

-- ─── Entidades ─────────────────────────────────────────────────────────────
INSERT INTO entidades (id, nombre, nombres_raw, tipo, es_grupo_caja, activa, created_at) VALUES
  ('89ac210f-465d-4eb9-b4cb-083598254c89', 'COMFAMILIAR', '["COMFAMILIAR","COMFAMILIAR RISARALDA"]', 'EPS', 0, 1, '2026-05-23 10:00:00.000'),
  ('ef85388c-a78c-42c4-b693-2ba40b4b0b33', 'SANITAS', '["SANITAS","EPS SANITAS"]', 'EPS', 0, 1, '2026-05-23 10:00:00.000'),
  ('380afa55-80bd-4fbf-9bf1-6e8c55247e0c', 'SURAMERICANA', '["SURAMERICANA","EPS SURA","SURAMERCIANA"]', 'EPS', 0, 1, '2026-05-23 10:00:00.000'),
  ('c708ce81-d693-495c-ba96-26df603a68ee', 'NUEVA EPS', '["NUEVA EPS","NUEVAEPS"]', 'EPS', 0, 1, '2026-05-23 10:00:00.000'),
  ('38a9e63c-069e-4838-aabf-370925cdeefa', 'VIVA 1A', '["VIVA 1A","VIVA1A","VIVA"]', 'EPS', 0, 1, '2026-05-23 10:00:00.000'),
  ('22f46152-c6e4-4c5e-8a5b-ecf03b2628ee', 'COMPENSAR', '["COMPENSAR"]', 'EPS', 0, 1, '2026-05-23 10:00:00.000'),
  ('def7423f-e982-4e66-84ff-7ed25b860292', 'FAMISANAR', '["FAMISANAR"]', 'EPS', 0, 1, '2026-05-23 10:00:00.000'),
  ('cb7817b0-bc35-415f-9362-01473f451625', 'MEDIMAS', '["MEDIMAS","MÉDIMAS"]', 'EPS', 0, 1, '2026-05-23 10:00:00.000'),
  ('abd46bbd-d364-4b10-9722-0e50705fc8c0', 'SURA', '["SURA","EPS SURA"]', 'EPS', 0, 1, '2026-05-23 10:00:00.000'),
  ('2feebacd-7b71-4347-9b0c-24558e6544f4', 'ALIANSALUD', '["ALIANSALUD","ALIAN SALUD"]', 'EPS', 0, 1, '2026-05-23 10:00:00.000'),
  ('5e3979c0-5a26-4b5f-b1f7-21762bc7b2e5', 'DALELA', '["DALELA"]', 'CONVENIO', 0, 1, '2026-05-23 10:00:00.000'),
  ('2d3a00e2-380f-489f-b50a-b19d657940a9', 'CONVENIO EMPRESARIAL', '["CONVENIO EMPRESARIAL","CONVENIO"]', 'CONVENIO', 0, 1, '2026-05-23 10:00:00.000'),
  ('b9757999-3ded-4e3c-9a53-d0528e2bed7c', 'PARTICULARES', '["PARTICULARES","PARTICULAR"]', 'PARTICULAR', 1, 1, '2026-05-23 10:00:00.000'),
  ('a14a9455-d588-4e1e-aa33-aab2d38e50ef', 'PARTICULAR', '["PARTICULAR","PART"]', 'PARTICULAR', 1, 1, '2026-05-23 10:00:00.000');

-- ─── Profesionales ─────────────────────────────────────────────────────────
INSERT INTO profesionales (id, nombre, nombre_completo, nombres_raw, especialidad, es_nomina, activo, created_at) VALUES
  ('8530860c-da6d-4660-976a-690df6bbeeb3', 'PERLAZA', 'Gustavo Adolfo Perlaza',       '["PERLAZA","DR PERLAZA","GUSTAVO PERLAZA","GUSTAVO ADOLFO PERLAZA"]',                                                                   'NEUROLOGIA', 1, 1, '2026-05-23 10:00:00.000'),
  ('8be8d8eb-9a7f-4a2f-9b0b-4b554b49af33', 'LAVERDE', 'David Leonardo Laverde',       '["LAVERDE","DR LAVERDE","DAVID LAVERDE","DAVID LEONARDO LAVERDE"]',                                                                       'NEUROLOGIA', 1, 1, '2026-05-23 10:00:00.000'),
  ('7edb268d-a006-48ff-9354-2a7812570ddf', 'ESCOBAR', 'Juan Fernando Escobar',        '["ESCOBAR","DR ESCOBAR","JUAN ESCOBAR","JUAN FERNANDO ESCOBAR"]',                                                                        'NEUROLOGIA', 1, 1, '2026-05-23 10:00:00.000'),
  ('415b5538-64e9-4c91-a486-185325967bb8', 'TERAN',   'Claudia Liseth Therán Rosero', '["TERAN","DRA TERAN","CLAUDIA TERAN","CLAUDIA THERAN","CLAUDIA LISETH THERAN","CLAUDIA LISETH THERAN ROSERO","THERAN ROSERO"]',          'NEUROLOGIA', 1, 1, '2026-05-23 10:00:00.000'),
  ('667f0b7f-8abc-4340-acaa-83fa4c75fac0', 'MONTAÑO', 'Juan Manuel Montaño',          '["MONTAÑO","DR MONTAÑO","JUAN MONTAÑO","JUAN MANUEL MONTAÑO"]',                                                                          'FISIATRIA',  1, 1, '2026-05-23 10:00:00.000'),
  ('89ee654b-e9db-46dd-b9c6-dfec08a1494d', 'PARADA',  'Diana María Parada Palacios',  '["PARADA","DRA PARADA","DIANA PARADA","DIANA MARIA PARADA","DIANA MARIA PARADA PALACIOS"]',                                              'FISIATRIA',  1, 1, '2026-05-23 10:00:00.000'),
  ('43889476-a6d5-484f-a513-a749b873c32c', 'YOLIMA',  'Yolima Álvarez',               '["YOLIMA","DRA YOLIMA","YOLIMA ALVAREZ"]',                                                                                               NULL,         1, 1, '2026-05-23 10:00:00.000'),
  ('e7792451-aa8f-4515-8d3f-c9b8b720f397', 'CRUZ',    'Sergio Santiago Cruz',         '["CRUZ","DR CRUZ","SERGIO CRUZ","SERGIO SANTIAGO CRUZ"]',                                                                                'NEUROLOGIA', 1, 1, '2026-05-23 10:00:00.000'),
  ('48a20c49-4c89-4810-9601-ec4b4ec1f5e6', 'CONCHA',  'Marcela Concha',               '["CONCHA","DRA CONCHA","MARCELA CONCHA"]',                                                                                               'NEUROLOGIA', 1, 1, '2026-05-23 10:00:00.000');

-- ─── Presupuestos 2026 ─────────────────────────────────────────────────────
INSERT INTO presupuestos_mensuales (id, anio, mes, monto, created_at) VALUES
  ('dba728f9-9b60-499c-aa24-f58a014dcd79', 2026, 1, 263733553.00, '2026-05-23 10:00:00.000'),
  ('d89a764f-9925-410c-9282-fc1533a5f331', 2026, 2, 290106909.00, '2026-05-23 10:00:00.000'),
  ('68766416-8dd9-40e9-8ad1-d7e5a92c8adc', 2026, 3, 319117600.00, '2026-05-23 10:00:00.000'),
  ('69eec6c6-09a2-4acd-b789-aec892f13f47', 2026, 4, 319117600.00, '2026-05-23 10:00:00.000'),
  ('a8711f6e-705c-4937-b54c-71e081994db4', 2026, 5, 357411711.00, '2026-05-23 10:00:00.000'),
  ('d606a20a-739a-4ee9-ba30-70d702a74c66', 2026, 6, 357411711.00, '2026-05-23 10:00:00.000'),
  ('d97997bb-5891-4395-afa1-13a97f4fdd21', 2026, 7, 375282297.00, '2026-05-23 10:00:00.000'),
  ('3079d6de-af65-4ea5-a7f8-3dc3cbac7bf5', 2026, 8, 375282297.00, '2026-05-23 10:00:00.000'),
  ('dee3e571-bb17-4bef-9932-d8c8244e4eb2', 2026, 9, 375282297.00, '2026-05-23 10:00:00.000'),
  ('054fb20b-6b87-44fa-ba69-6a224dc5b1a5', 2026, 10, 375282297.00, '2026-05-23 10:00:00.000'),
  ('91af3ebb-5224-4acb-8c68-39b4f7f424a9', 2026, 11, 375282297.00, '2026-05-23 10:00:00.000'),
  ('83f5d1fe-70a4-4c50-bf7d-0d8e41419474', 2026, 12, 375282297.00, '2026-05-23 10:00:00.000');

-- ─── Atenciones mayo 2026 ───────────────────────────────────────────────────
INSERT INTO atenciones (id, descripcion_raw, descripcion_norm, fecha_dia, mes_idx, anio, valor_bruto, numero_autorizacion, es_telemetria, hash_fila, entidad_id, profesional_id, created_at) VALUES
  ('d8e291d7-57f0-4844-b72e-bba22e37f927', 'CONSULTA MEDICINA ESPECIALIZADA NEUROLOGIA NUA 2025001', 'CONSULTA MED ESPEC NEUROLOGIA', '2026-05-02 00:00:00.000', 5, 2026, 145000.00, 'AUT001', 0, 'dd0d6cd9591bed92490320f01096418c88f0a54e4c3e3c2c124deec0d0d6acfe', 'ef85388c-a78c-42c4-b693-2ba40b4b0b33', '8530860c-da6d-4660-976a-690df6bbeeb3', '2026-05-23 10:00:00.000'),
  ('f6a0334c-8fbc-459c-afde-ee76f5aa3c69', 'ELECTROENCEFALOGRAMA DE RUTINA ESTADO REPOSO', 'EEG RUTINA', '2026-05-02 00:00:00.000', 5, 2026, 320000.00, 'AUT002', 0, '2b462cd1144e0d586280daa89871c9f4cc9984fd38f45172859254c6a9b3d061', 'c708ce81-d693-495c-ba96-26df603a68ee', '8be8d8eb-9a7f-4a2f-9b0b-4b554b49af33', '2026-05-23 10:00:00.000'),
  ('bf940d73-5e3f-41e9-acd6-383319736c3c', 'CONSULTA CONTROL NEUROLOGIA PEDIATRICA', 'CONSULTA CONTROL NEUROLOGIA PEDIATRICA', '2026-05-02 00:00:00.000', 5, 2026, 135000.00, 'AUT003', 0, '4984cd0ea0e5911ed83ee4dbba903387fa8bb716e4adcabd09667494b20f5c99', '22f46152-c6e4-4c5e-8a5b-ecf03b2628ee', '7edb268d-a006-48ff-9354-2a7812570ddf', '2026-05-23 10:00:00.000'),
  ('1416f06d-4095-4a89-969a-ac3651d88fec', 'POTENCIAL EVOCADO AUDITIVO DE TALLO CEREBRAL', 'PEATC', '2026-05-02 00:00:00.000', 5, 2026, 480000.00, 'AUT004', 0, 'fac9951bb5c1e9357f9fd90ccd5201da4df4c90b86ba65a3a7b4c458cf8ec302', '380afa55-80bd-4fbf-9bf1-6e8c55247e0c', '415b5538-64e9-4c91-a486-185325967bb8', '2026-05-23 10:00:00.000'),
  ('8867e1c6-ea5a-4477-952e-58373b7bce35', 'CONSULTA PRIMERA VEZ NEUROLOGIA ADULTOS', 'CONSULTA 1VZ NEUROLOGIA ADULTOS', '2026-05-02 00:00:00.000', 5, 2026, 160000.00, 'AUT005', 0, '3b6b73723f446359d7a40961abf2dca80b204a8a738eeb8481e6e898fc688a22', 'def7423f-e982-4e66-84ff-7ed25b860292', '667f0b7f-8abc-4340-acaa-83fa4c75fac0', '2026-05-23 10:00:00.000'),
  ('7bb9cd5f-5a30-48de-87b1-cc4ef94e288d', 'ELECTROENCEFALOGRAMA DE 30 MINUTOS MM', 'EEG MINUTOS MM', '2026-05-02 00:00:00.000', 5, 2026, 295000.00, 'AUT006', 0, 'e277984b0e54389436e0ce7a8b3dfd5152c10b0e993629785b744ea7f35a565e', '89ac210f-465d-4eb9-b4cb-083598254c89', '89ee654b-e9db-46dd-b9c6-dfec08a1494d', '2026-05-23 10:00:00.000'),
  ('8f72e8d0-3076-4fde-bb70-82fcef5a62ac', 'VIDEOTELEENCEFALOGRAMA AMBULATORIO 24 HORAS', 'VTLG AMBULATORIO', '2026-05-02 00:00:00.000', 5, 2026, 850000.00, 'AUT007', 0, '1e3f3db1c53d52be11f95876d17e699c1fd0fe8f0b1f63130a023a0e8895242d', 'cb7817b0-bc35-415f-9362-01473f451625', '43889476-a6d5-484f-a513-a749b873c32c', '2026-05-23 10:00:00.000'),
  ('8357ca90-9a36-40c2-b866-163d41cd6d2c', 'CONSULTA SEGUIMIENTO EPILEPSIA', 'CONSULTA SEGUIMIENTO EPILEPSIA', '2026-05-02 00:00:00.000', 5, 2026, 130000.00, 'AUT008', 0, '68e8389d4cea96ebd4d331f5c5aad0f14bfd5ab012610494a6aa3429795295dc', '38a9e63c-069e-4838-aabf-370925cdeefa', 'e7792451-aa8f-4515-8d3f-c9b8b720f397', '2026-05-23 10:00:00.000'),
  ('aa545043-1dbb-451f-802f-e20e40f3dfa1', 'POTENCIAL EVOCADO VISUAL DE PATRON INVERSO', 'PEV', '2026-05-02 00:00:00.000', 5, 2026, 380000.00, 'AUT009', 0, 'b697ae596cd38351a90a2dd85aa88e873add1639095d8ea165d4d8caef568990', '2feebacd-7b71-4347-9b0c-24558e6544f4', '48a20c49-4c89-4810-9601-ec4b4ec1f5e6', '2026-05-23 10:00:00.000'),
  ('402ffab4-3edc-4fe9-99b2-1ab87d7e2f8a', 'CONSULTA NEUROPSICOLOGIA EVALUACION', 'CONSULTA NEUROPSICO EVALUACION', '2026-05-02 00:00:00.000', 5, 2026, 220000.00, 'AUT010', 0, '319d743a2358aa71ddc7ddc10fc4102a42b6494b8f0fa00e77571b790f282467', 'b9757999-3ded-4e3c-9a53-d0528e2bed7c', '8530860c-da6d-4660-976a-690df6bbeeb3', '2026-05-23 10:00:00.000'),
  ('c04088d5-8115-4a21-8f02-86b73f38a11d', 'CONSULTA MEDICINA ESPECIALIZADA NEUROLOGIA CONTROL', 'CONSULTA MED ESPEC NEUROLOGIA CONTROL', '2026-05-05 00:00:00.000', 5, 2026, 145000.00, 'AUT011', 0, '3a93184dd090a692b3a2c77c18260e944f18b653c4bf9d42bab20135c5b408fc', 'abd46bbd-d364-4b10-9722-0e50705fc8c0', '8be8d8eb-9a7f-4a2f-9b0b-4b554b49af33', '2026-05-23 10:00:00.000'),
  ('4c662ef7-d3d8-4f54-a53d-19b5a6654b82', 'ELECTROENCEFALOGRAMA POLISOMNOGRAFIA NOCTURNA', 'EEG PSG NOCTURNA', '2026-05-05 00:00:00.000', 5, 2026, 720000.00, 'AUT012', 0, '206ede2152d18b838d7d52515827ed2223c4e22b88bff49b03dfaed8ecadc5f6', 'ef85388c-a78c-42c4-b693-2ba40b4b0b33', '7edb268d-a006-48ff-9354-2a7812570ddf', '2026-05-23 10:00:00.000'),
  ('9eb073fd-f199-478c-b9d2-e263e8c72ecc', 'CONSULTA CONTROL TRASTORNO MOVIMIENTO', 'CONSULTA CONTROL TRASTORNO MOVIMIENTO', '2026-05-05 00:00:00.000', 5, 2026, 140000.00, 'AUT013', 0, '8bd46c062ea922b37dadc996072e14d96682ab8cc1610f0c759d9e5257ed7abe', 'c708ce81-d693-495c-ba96-26df603a68ee', '415b5538-64e9-4c91-a486-185325967bb8', '2026-05-23 10:00:00.000'),
  ('539fbca6-8fdb-4931-a79a-8b3dc232928b', 'NEUROGRAFIA DE NERVIO MEDIANO BILATERAL', 'NRG NERVIO MEDIANO BILATERAL', '2026-05-05 00:00:00.000', 5, 2026, 410000.00, 'AUT014', 0, '61b0092e9b998e55309cedbc786e66e070c133e58dcdcf7190c7396779c4fc5d', '22f46152-c6e4-4c5e-8a5b-ecf03b2628ee', '667f0b7f-8abc-4340-acaa-83fa4c75fac0', '2026-05-23 10:00:00.000'),
  ('7815d849-acf2-4d5c-b4d5-c9a1c0cc0298', 'CONSULTA PRIMERA VEZ NEUROLOGIA PEDIATRICA', 'CONSULTA 1VZ NEUROLOGIA PEDIATRICA', '2026-05-05 00:00:00.000', 5, 2026, 175000.00, 'AUT015', 0, 'cf30e544c1515116f2974c439c5b4d308170395cb7c14e2924fc8ac59e8036eb', '5e3979c0-5a26-4b5f-b1f7-21762bc7b2e5', '89ee654b-e9db-46dd-b9c6-dfec08a1494d', '2026-05-23 10:00:00.000'),
  ('362a1875-4b59-4356-8fea-032fea11c24e', 'ELECTROENCEFALOGRAMA VIGILIA Y SUENO 2 HORAS', 'EEG VIGILIA SUENO', '2026-05-05 00:00:00.000', 5, 2026, 340000.00, 'AUT016', 0, '50a0773188a0d1c7a850ae15b8fb7fa28c48024cb2bda82b35a284de06a3a9c4', 'def7423f-e982-4e66-84ff-7ed25b860292', '43889476-a6d5-484f-a513-a749b873c32c', '2026-05-23 10:00:00.000'),
  ('9532d99a-9c06-4afa-9a45-b47767460930', 'CONSULTA CONTROL CEFALEA MIGRAÑA ESTADO', 'CONSULTA CONTROL CEFALEA MIGRANA ESTADO', '2026-05-05 00:00:00.000', 5, 2026, 125000.00, 'AUT017', 0, '95326cb6d6bc0a6a0e50896667ffb6eaa8eec55ff20befbfe4018f3c0639966d', '89ac210f-465d-4eb9-b4cb-083598254c89', 'e7792451-aa8f-4515-8d3f-c9b8b720f397', '2026-05-23 10:00:00.000'),
  ('753bb6f3-b3e5-46da-bafb-762fa80ea00e', 'POTENCIAL EVOCADO SOMATOSENSORIAL NERVIO TIBIAL', 'PES NERVIO TIBIAL', '2026-05-05 00:00:00.000', 5, 2026, 430000.00, 'AUT018', 0, 'cc2a032c7cfdaf884c61dc98eb08c459c9d9a5f6e3ac940d11bab46ad694f4df', '380afa55-80bd-4fbf-9bf1-6e8c55247e0c', '48a20c49-4c89-4810-9601-ec4b4ec1f5e6', '2026-05-23 10:00:00.000'),
  ('321ada77-22ee-4cf4-8b85-609df756c3a4', 'CONSULTA PRIMERA VEZ PSICOLOGIA CLINICA', 'CONSULTA 1VZ PSICOLOGIA CLINICA', '2026-05-05 00:00:00.000', 5, 2026, 95000.00, 'AUT019', 0, 'b58f058080fbbfa9b974c9806fa851d204ca7c2704293d0fd308e19447caa6fb', 'b9757999-3ded-4e3c-9a53-d0528e2bed7c', '8530860c-da6d-4660-976a-690df6bbeeb3', '2026-05-23 10:00:00.000'),
  ('7f1941f1-a4c5-4509-87cb-5efb07199523', 'ATENCION TELEMETRIA MONITOREO CEREBRAL', 'ATENCION TELEMETRIA MONITOREO CEREBRAL', '2026-05-05 00:00:00.000', 5, 2026, 580000.00, 'AUT020', 1, '490c9c6474d634301eceec0eaa30e9839d7cdb35a35d870c8524892677ed534f', '2feebacd-7b71-4347-9b0c-24558e6544f4', '8be8d8eb-9a7f-4a2f-9b0b-4b554b49af33', '2026-05-23 10:00:00.000'),
  ('6681693c-71ca-4fdd-8a54-549d042249a7', 'CONSULTA NEUROLOGIA CONTROL SEGUIMIENTO', 'CONSULTA NEUROLOGIA CONTROL SEGUIMIENTO', '2026-05-06 00:00:00.000', 5, 2026, 135000.00, 'AUT021', 0, '76c23ec4270568f6b8b093f8a7bf472920287b9cbf9daf121bbef74295ccf26c', 'cb7817b0-bc35-415f-9362-01473f451625', '7edb268d-a006-48ff-9354-2a7812570ddf', '2026-05-23 10:00:00.000'),
  ('1d303d24-2caf-424e-b39d-b0e1d13d4455', 'ELECTROMIOGRAFIA MIEMBRO SUPERIOR DERECHO MM', 'EMG MIEMBRO SUPERIOR DERECHO MM', '2026-05-06 00:00:00.000', 5, 2026, 390000.00, 'AUT022', 0, '6c8ed36ebc8f2d61f97a589606525d1c46c67ede833d98e37c6759d9b3b88d11', '38a9e63c-069e-4838-aabf-370925cdeefa', '415b5538-64e9-4c91-a486-185325967bb8', '2026-05-23 10:00:00.000'),
  ('a5c93658-4a03-4af4-99f7-4c86f778c8b3', 'CONSULTA PRIMERA VEZ NEUROLOGIA ADULTOS DE CONTROL', 'CONSULTA 1VZ NEUROLOGIA ADULTOS CONTROL', '2026-05-06 00:00:00.000', 5, 2026, 155000.00, 'AUT023', 0, 'd395cda4d3d73d0bf9acc011f8c8d801658f6c5928b200d760a092198f9e6261', 'abd46bbd-d364-4b10-9722-0e50705fc8c0', '667f0b7f-8abc-4340-acaa-83fa4c75fac0', '2026-05-23 10:00:00.000'),
  ('a2dfd439-6285-4884-8a76-18f992342de7', 'POLISOMNOGRAFIA DIAGNOSTICA COMPLETA NOCTURNA', 'PSG DIAGNOSTICA COMPLETA NOCTURNA', '2026-05-06 00:00:00.000', 5, 2026, 780000.00, 'AUT024', 0, 'dbfaf180e93da87e817cb2ba5ffd527d5c6d3386e672bcad5223a858b6bf04a5', 'ef85388c-a78c-42c4-b693-2ba40b4b0b33', '89ee654b-e9db-46dd-b9c6-dfec08a1494d', '2026-05-23 10:00:00.000'),
  ('71db2028-f974-4035-bd5b-9098e4491327', 'CONSULTA CONTROL NEUROLOGIA ELECTROENCEFALOGRAMA', 'CONSULTA CONTROL NEUROLOGIA EEG', '2026-05-06 00:00:00.000', 5, 2026, 145000.00, 'AUT025', 0, 'c4ed2ccc9a079312b5410b4f35281fe554eaf80836565abc15420c0fbb1ab5ab', 'c708ce81-d693-495c-ba96-26df603a68ee', '43889476-a6d5-484f-a513-a749b873c32c', '2026-05-23 10:00:00.000'),
  ('b7f6d991-7735-4e01-b73d-dfc4a29f5691', 'NEUROGRAFIA VELOCIDAD DE CONDUCCION SENSITIVA', 'NRG VELOCIDAD CONDUCCION SENSITIVA', '2026-05-06 00:00:00.000', 5, 2026, 360000.00, 'AUT026', 0, 'ac2fe5adfe26c69d96a1e68443d1f0de87eb335d8a0709735cec4b1ae513dd6e', '22f46152-c6e4-4c5e-8a5b-ecf03b2628ee', 'e7792451-aa8f-4515-8d3f-c9b8b720f397', '2026-05-23 10:00:00.000'),
  ('f39c1b27-79b3-45a9-beac-dd7eae016ab9', 'CONSULTA PSIQUIATRIA PRIMERA VEZ', 'CONSULTA PSIQUIATRIA 1VZ', '2026-05-06 00:00:00.000', 5, 2026, 190000.00, 'AUT027', 0, '9de929a38f0d24105f776dd5b54d1ac78e48d746c59caec9aa5621ad0123ad84', '2d3a00e2-380f-489f-b50a-b19d657940a9', '48a20c49-4c89-4810-9601-ec4b4ec1f5e6', '2026-05-23 10:00:00.000'),
  ('627979a5-8987-4abf-b6e0-15612c7dfb39', 'ELECTROENCEFALOGRAMA CUANTITATIVO MAPEO CEREBRAL', 'EEG CUANTITATIVO MAPEO CEREBRAL', '2026-05-06 00:00:00.000', 5, 2026, 520000.00, 'AUT028', 0, '34fc51fe5a229622ef05163c02302df473ee2464588b5456ed427dd191af70ed', 'def7423f-e982-4e66-84ff-7ed25b860292', '8530860c-da6d-4660-976a-690df6bbeeb3', '2026-05-23 10:00:00.000'),
  ('cb079447-a43c-4235-b0e9-f97e723a5e06', 'CONSULTA CONTROL PARKINSON TEMBLOR ESENCIAL', 'CONSULTA CONTROL PARKINSON TEMBLOR ESENCIAL', '2026-05-06 00:00:00.000', 5, 2026, 145000.00, 'AUT029', 0, 'b91a03bdbaa397d4dfe5ded93988001e123fc60659bc2645ff731291190839f8', '89ac210f-465d-4eb9-b4cb-083598254c89', '8be8d8eb-9a7f-4a2f-9b0b-4b554b49af33', '2026-05-23 10:00:00.000'),
  ('83b781d2-577f-45b4-9c0b-bb3d0fde80bd', 'TEST NEUROPSICOLOGICO EVALUACION COGNITIVA COMPLETA', 'TEST NEUROPSICOLOGICO EVALUACION COGNITIVA COMPLETA', '2026-05-06 00:00:00.000', 5, 2026, 280000.00, 'AUT030', 0, 'f92fe2524c2aa95b4ee36f4eb14a489d5ac7cc8cab7a05eb71234236917ec1f9', 'b9757999-3ded-4e3c-9a53-d0528e2bed7c', '7edb268d-a006-48ff-9354-2a7812570ddf', '2026-05-23 10:00:00.000');

COMMIT;

-- ─── Verification ──────────────────────────────────────────────────────────
SELECT COUNT(*) AS usuarios_count FROM usuarios;
SELECT COUNT(*) AS entidades_count FROM entidades;
SELECT COUNT(*) AS profesionales_count FROM profesionales;
SELECT COUNT(*) AS presupuestos_count FROM presupuestos_mensuales;
SELECT COUNT(*) AS atenciones_count FROM atenciones;
SELECT SUM(valor_bruto) AS facturacion_mayo_2026 FROM atenciones WHERE mes_idx = 5 AND anio = 2026;
